url,status_observed,source
https://jumalegal.com/,200,sitemap
https://jumalegal.com/aviso-legal/,200,sitemap
https://jumalegal.com/blog/,200,sitemap
https://jumalegal.com/category/estudios/,429,sitemap
https://jumalegal.com/category/futuro/,429,sitemap
https://jumalegal.com/category/horarios/,429,sitemap
https://jumalegal.com/category/licencia/,429,sitemap
https://jumalegal.com/category/militar/,429,sitemap
https://jumalegal.com/category/uncategorized/,429,sitemap
https://jumalegal.com/contacto/,200,sitemap
https://jumalegal.com/derecho-administrativo/,200,sitemap
https://jumalegal.com/derecho-civil/,200,sitemap
https://jumalegal.com/derecho-militar/,200,sitemap
https://jumalegal.com/el-arresto-disciplinario-por-faltas-leves-una-sancion-desfasada-en-el-siglo-xxi-2/,200,sitemap
https://jumalegal.com/el-procedimiento-de-falta-leve-derecho-militar/,200,sitemap
https://jumalegal.com/elementor-hf/cabecera/,429,sitemap
https://jumalegal.com/elementor-hf/footer/,429,sitemap
https://jumalegal.com/estudios/,200,sitemap
https://jumalegal.com/la-compensacion-economica-del-invied-todo-lo-que-debes-saber-si-eres-militar-y-cambias-de-destino/,200,sitemap
https://jumalegal.com/la-jurisdiccion-militar/,429,sitemap
https://jumalegal.com/la-licencia-de-estudios-en-las-fuerzas-armadas-y-el-silencio-positivo-lo-sencillo-que-la-administracion-militar-complica/,200,sitemap
https://jumalegal.com/nuestra-historia/,200,sitemap
https://jumalegal.com/politica-de-cookies/,200,sitemap
https://jumalegal.com/politica-de-privacidad/,200,sitemap
https://jumalegal.com/servicios/,200,sitemap
https://jumalegal.com/sobre-la-posible-implantacion-de-la-jornada-de-35-horas-en-el-ambito-de-las-fuerzas-armadas/,200,sitemap
